id,type,name,location,latitude,longitude,information,forest_type,fee,opening_hours,enquiries,address,tel,state,attractions,url
1,Jungle Ecological Park,Bukit Ayer Forest Eco Park,"WGS 84 : N6.5462° , E 100.1668°",6.5462,100.1668,"13 km from Bandar Kangar   35 km from Padang Besar   Located in the Bukit Bintang Forest Reserve   Hill Dipterocarp Forest   Admission :      Citizens :           Adults : RM 2.00,           Children (6 - 17 years old) : RM 1.00           Children (under 6 years old) : FREE           People with Disabilities (OKU) : FREE      Non-citizens :           Adults : RM 5.00           Children (6 - 17 years old) : RM 1.00           Children (under 6 years old) : FREE           People with Disabilities (OKU) : FREE   Open daily from 9.00 am to 6.00 pm",Hill Dipterocarp Forest,Admission | Citizens | Adults : RM 2.00 | Children (6 - 17 years old) : RM 1.00 | Children (under 6 years old) : FREE | People with Disabilities (OKU) : FREE | Non-citizens | Adults : RM 5.00 | Children (6 - 17 years old) : RM 1.00 | Children (under 6 years old) : FREE | People with Disabilities (OKU) : FREE,Open daily from 9.00 am to 6.00 pm,"Jabatan Perhutanan Negeri Perlis,Km 2 Jalan Kaki Bukit, 01000 Kangar, Perlis Tel : 04 - 9765 966 Fax : 04 - 9767 901","Jabatan Perhutanan Negeri Perlis,Km 2 Jalan Kaki Bukit, 01000 Kangar, Perlis",04-9765 966,Perlis,"River, Waterfall, Wildlife, Bird Watching",https://www.forestry.gov.my/en/perlis/taman-eko-rimba-bukit-ayer
2,Jungle Ecological Park,Tasik Meranti Forest Eco park,"WGS 84 : N6.6479° , E 100.1796°",6.6479,100.1796,6 km from Wang Kelian town   Located in the Wang Mu Forest Reserve   Is a half of autumn forest   FREE admission   Open daily from 7.00 am to 6.00 pm,Half of autumn forest,FREE admission,Open daily from 7.00 am to 6.00 pm,"Jabatan Perhutanan Negeri Perlis,Km 2 Jalan Kaki Bukit, 01000 Kangar, Perlis Tel : 04 - 9765 966 Fax : 04 - 9767 901","Jabatan Perhutanan Negeri Perlis,Km 2 Jalan Kaki Bukit, 01000 Kangar, Perlis",04-9765 966,Perlis,"Bird Watching, Wildlife, Lake, River",https://www.forestry.gov.my/en/perlis/taman-eko-rimba-tasik-meranti
3,Jungle Ecological Park,Lata Bayu Forest Eco Park,"WGS 84 : N5.7151° , E100.8103°",5.7151,100.8103,30 km from Baling Town   90 km from Alor Setar City   Located in Teloi Forest Reserve   Hill Dipterocarp Forest   FREE admission   Open daily from 7.00 am to 6.00 pm,Hill Dipterocarp Forest,FREE admission,Open daily from 7.00 am to 6.00 pm,"Pejabat Hutan Daerah Kedah Selatan, 09000 Kulim, Kedah Tel: 04 – 4903 760","Pejabat Hutan Daerah Kedah Selatan, 09000 Kulim, Kedah",04-4903 760,Kedah,"River, Waterfall, Wildlife",https://www.forestry.gov.my/en/kedah/taman-eko-rimba-lata-bayu
4,Jungle Ecological Park,Sungai Rambai Forest Eco Park,"WGS 84 : N6.3195° , E100.4803°",6.3195,100.4803,10 km from Pendang Town   30 km from Alor Setar City   Located in Perak Hill Forest Reserve   Lowland dipterocarp forest   FREE admission   Open daily from 7.00 am to 6.00 pm,Lowland dipterocarp forest,FREE admission,Open daily from 7.00 am to 6.00 pm,"Pejabat Hutan Daerah Kedah Tengah, 08000 Sg. Petani, Kedah Tel: 04 – 4212 835","Pejabat Hutan Daerah Kedah Tengah, 08000 Sg. Petani, Kedah",04-4212 835,Kedah,"River, Wildlife",https://www.forestry.gov.my/en/kedah/taman-eko-rimba-sungai-rambai
5,Jungle Ecological Park,Sungai Sedim Forest Eco Park,"WGS 84 : N5.4071º , E100.66146º",5.4071,100.66146,33 km from Kulim Town   130 km from Alor Setar City   Located in Gunung Inas Forest Reserve   Lowland dipterocarp forest   FREE admission   Open daily from 7.00 am to 6.00 pm,Lowland dipterocarp forest,FREE admission,Open daily from 7.00 am to 6.00 pm,"Pejabat Hutan Daerah Kedah Selatan, 09000 Kulim, Kedah Tel: 04 – 4903 760","Pejabat Hutan Daerah Kedah Selatan, 09000 Kulim, Kedah",04-4903 760,Kedah,"River, Waterfall, Wildlife, Bird Watching",https://www.forestry.gov.my/en/kedah/taman-eko-rimba-sungai-sedim
6,Jungle Ecological Park,Sungai Teroi Eco Park,"WGS 84 : N5.80822° , E100.43370°",5.80822,100.4337,50 km from Sungai Petani Town   Located in Jerai Mount Forest Reserve   Hill Dipterocarp Forest   FREE admission   Open daily from 7.00 am to 6.00 pm,Hill Dipterocarp Forest,FREE admission,Open daily from 7.00 am to 6.00 pm,"Pejabat Hutan Daerah Kedah Tengah, 08000 Sg. Petani, KedahTel: 04 – 4212 835","Pejabat Hutan Daerah Kedah Tengah, 08000 Sg. Petani, Kedah",04-4212 835,Kedah,"River, Wildlife",https://www.forestry.gov.my/en/kedah/taman-eko-rimba-sungai-teroi
7,Jungle Ecological Park,Bukit Mertajam Forest Eco Park,"WGS 84 : N5.3579° , E 100.4932°",5.3579,100.4932,8 km from Bandar Bukit Mertajam   Located in the Bukit Mertajam Forest Reserve   Is a Lowland Dipterocarp Forest and Hill Dipterocarp Forest   Admission : RM 5.00   Open daily from 7.00 am to 6.00 pm,Lowland Dipterocarp Forest and Hill Dipterocarp Forest,Admission : RM 5.00,Open daily from 7.00 am to 6.00 pm,"Jabatan Perhutanan Negeri, Pulau Pinang, Tingkat 20, Menara KOMTAR, 10300 Pulau Pinang. Tel: 04-6505 250 Fax: 04-2636 335","Jabatan Perhutanan Negeri, Pulau Pinang, Tingkat 20, Menara KOMTAR, 10300 Pulau Pinang.",04-6505 250,Pulau Pinang,"River, Wildlife, Bird Watching",https://www.forestry.gov.my/en/pulau-pinang/taman-eko-rimba-bukit-mertajam
8,Jungle Ecological Park,Telok Bahang Forest Eco Park,"WGS 84 : N5.4463° , E 100.2179°",5.4463,100.2179,24 km dari Bandar Georgetown   Located in the Teluk Bahang Forest Reserve   Is a Lowland Dipterocarp Forest and Hill Dipterocarp Forest   Admission : RM 5.00   Open daily from 7.00 am to 6.00 pm,Lowland Dipterocarp Forest and Hill Dipterocarp Forest,Admission : RM 5.00,Open daily from 7.00 am to 6.00 pm,"Jabatan Perhutanan Negeri, Pulau Pinang, Tingkat 20, Menara KOMTAR, 10300 Pulau Pinang. Tel: 04-6505 250 Fax: 04-2636 335","Jabatan Perhutanan Negeri, Pulau Pinang, Tingkat 20, Menara KOMTAR, 10300 Pulau Pinang.",04-6505 250,Pulau Pinang,"River, Wildlife",https://www.forestry.gov.my/en/pulau-pinang/taman-eko-rimba-telok-bahang
9,Jungle Ecological Park,Kaki Bukit Larut Forest Eco Park,"WGS 84 : N4.8618° , E100.7610°",4.8618,100.761,1 km from Taiping Town close to Taiping Lake Park   74 km from Ipoh City via Jalan Ipoh - Taiping   Located in the Bukit Larut Forest Reserve   Hill Dipterocarp Forest   Free admission   Open daily from 8.00 am to 6.00 pm,Hill Dipterocarp Forest,Free admission,Open daily from 8.00 am to 6.00 pm,"Pejabat Hutan Daerah Larut & Matang, 34000 Taiping, Perak. Tel: 05-8072 672 Fax: 05-8067 743","Pejabat Hutan Daerah Larut & Matang, 34000 Taiping, Perak.",05-8072 672,Perak,"Wildlife, Bird Watching",https://www.forestry.gov.my/en/perak/taman-eko-rimba-kaki-bukit-larut
10,Jungle Ecological Park,Papan Forest Eco Park,"WGS 84 : N4.5383° , E100.5783°",4.5383,100.5783,5 km from Batu Gajah Town via Jalan Ipoh - Batu Gajah   24 km from Ipoh City via Jalan Baling - Kuala Kangsar   Located in the Kledang Saiong Reserve Forest   Hill Dipterocarp Forest   Admission :      Children below 6 years old - FREE      Children (below 18 years old) RM 1.00      Adults (18 years old and above) - RM 2.00      Senior Citizen (60 years old and above / Disabled People) - FREE      Non-citizens - RM 5.00   Open daily from 8.00 am to 6.00 pm,Hill Dipterocarp Forest,Admission | Children below 6 years old - FREE | Children (below 18 years old) RM 1.00 | Adults (18 years old and above) - RM 2.00 | Senior Citizen (60 years old and above / Disabled People) - FREE | Non-citizens - RM 5.00,Open daily from 8.00 am to 6.00 pm,"Pejabat Hutan Daerah Kinta/ Manjung, Jalan Bemban, 31000 Batu Gajah, Perak Tel: 05-3661 228 Fax: 05-3651 679","Pejabat Hutan Daerah Kinta/ Manjung, Jalan Bemban, 31000 Batu Gajah, Perak",05-3661 228,Perak,"River, Bird Watching",https://www.forestry.gov.my/en/perak/taman-eko-rimba-papan
11,Jungle Ecological Park,Matang Mangrove Forest Eco-Education Center,"WGS 84 : N4.8402° , E 100.6356°",4.8402,100.6356,10 km from Bandar Taiping   Located in the Jebong Forest Reserve   Mangrove Swamp Forest   Admission :      Children below 6 years old - FREE      Children (below 18 years old) RM 2.00      Adults (18 years old and above) - RM 5.00      Senior Citizen (60 years old and above / Disabled People) - FREE      Non-citizens - RM 15.00   Open daily from 8.00 am to 6.00 pm,Mangrove Swamp Forest,Admission | Children below 6 years old - FREE | Children (below 18 years old) RM 2.00 | Adults (18 years old and above) - RM 5.00 | Senior Citizen (60 years old and above / Disabled People) - FREE | Non-citizens - RM 15.00,Open daily from 8.00 am to 6.00 pm,"Pejabat Hutan Daerah Larut & Matang, 34000 Taiping, Perak Tel: 05-8072 672 Fax: 05-8067 743","Pejabat Hutan Daerah Larut & Matang, 34000 Taiping, Perak",05-8072 672,Perak,Wildlife,https://www.forestry.gov.my/en/perak/pusat-eko-pelajaran-hutan-paya-laut-matang
12,Jungle Ecological Park,Kledang Saiong Forest Eco Park,"WGS 84 : N4.6830° , E100.0676°",4.683,100.0676,12.9 km from Bandaraya Ipoh   Located in the Kledang Saiong Forest Reserve   Dipterocarp Forest   Admission :      Children below 6 years old - FREE      Children (below 18 years old) RM 1.00      Adults (18 years old and above) - RM 2.00      Senior Citizen (60 years old and above / Disabled People) - FREE      Non-citizens - RM 5.00   Open daily from 8.00 am to 6.00 pm,Dipterocarp Forest,Admission | Children below 6 years old - FREE | Children (below 18 years old) RM 1.00 | Adults (18 years old and above) - RM 2.00 | Senior Citizen (60 years old and above / Disabled People) - FREE | Non-citizens - RM 5.00,Open daily from 8.00 am to 6.00 pm,"Pejabat Hutan Daerah Kinta/ Manjung, Jalan Bemban, 31000 Batu Gajah, Perak Tel: 05-3661 228 Fax: 05-3651 679","Pejabat Hutan Daerah Kinta/ Manjung, Jalan Bemban, 31000 Batu Gajah, Perak",05-3661 228,Perak,"River, Wildlife, Bird Watching",https://www.forestry.gov.my/en/perak/taman-eko-rimba-kledang-saiong
13,Jungle Ecological Park,Kuala Woh Forest Eco Park,"WGS 84 : N4.2434° , E101.3227°",4.2434,101.3227,13 km from Tapah Town via Jalan Tapah - Cameron Highlands   72 km from Ipoh City via Jalan Tapah - Brinchang   Located in the Bukit Tapah Reserved Forest   Hill Dipterocarp Forest   Admission :      Children below 6 years old - FREE      Children (below 18 years old) RM 1.00      Adults (18 years old and above) - RM 2.00      Senior Citizen (60 years old and above / Disabled People) - FREE      Non-citizens - RM 5.00   Open daily from 8.00 am to 6.00 pm,Hill Dipterocarp Forest,Admission | Children below 6 years old - FREE | Children (below 18 years old) RM 1.00 | Adults (18 years old and above) - RM 2.00 | Senior Citizen (60 years old and above / Disabled People) - FREE | Non-citizens - RM 5.00,Open daily from 8.00 am to 6.00 pm,"Pejabat Hutan Daerah Perak Selatan, 35000 Tapah, Perak Tel: 05-4011 216 Fax: 05-4015 331","Pejabat Hutan Daerah Perak Selatan, 35000 Tapah, Perak",05-4011 216,Perak,"River, Bird Watching",https://www.forestry.gov.my/en/perak/taman-eko-rimba-kuala-woh
14,Jungle Ecological Park,Pasir Panjang Forest Eco Park,"WGS 84 : N4.3584° , E 100.5783°",4.3584,100.5783,7 km from Segari Town in Manjung District via Jalan Lumut - Pantai Remis   Located in Segari Melintang Reserve Forest   Beach Hill Forest   FREE admission   Open daily from 8.00 am to 6.00 pm,Beach Hill Forest,FREE admission,Open daily from 8.00 am to 6.00 pm,"Pejabat Hutan Daerah Kinta/ Manjung, Jalan Bemban, 31000 Batu Gajah, Perak Tel: 05-3661 228 Fax: 05-3651 679","Pejabat Hutan Daerah Kinta/ Manjung, Jalan Bemban, 31000 Batu Gajah, Perak",05-3661 228,Perak,Beach,https://www.forestry.gov.my/en/perak/taman-eko-rimba-pasir-panjang
15,Jungle Ecological Park,Lata Kekabu Forest Eco park,"WGS 84 : N5.0506° , E 100.9443°",5.0506,100.9443,9.5 km from Pekan Lenggong   25 km from Kuala Kangsar Town via Jalan Kuala Kangsar - Gerik   Located in the Bintang Hijau Reserved Forest   Hill Dipterocarp forest   FREE admission   Open daily from 8.00 am to 6.00 pm,Hill Dipterocarp forest,FREE admission,Open daily from 8.00 am to 6.00 pm,"Pejabat Hutan Daerah Ulu Perak, Jalan Sultan Abdul Aziz, 33300 Gerik, Perak. Tel: 05-7912 384 Faks: 05-7913 797","Pejabat Hutan Daerah Ulu Perak, Jalan Sultan Abdul Aziz, 33300 Gerik, Perak.",05-7912 384,Perak,"River, Waterfall, Wildlife, Bird Watching",https://www.forestry.gov.my/en/perak/taman-eko-rimba-lata-kekabu
16,Jungle Ecological Park,Ulu Kenas Forest Eco Park,"WGS 84 : N4.6894° , E 100.8860°",4.6894,100.886,15 km from Kuala Kangsar Town via Jalan Kuala Kangsar - Manong   45 km from Ipoh City   Located in the Bubu Forest Reserve   Hill Dipterocarp Forest   Admission :      Children below 6 years old - FREE      Children (below 18 years old) RM 1.00      Adults (18 years old and above) - RM 2.00      Senior Citizen (60 years old and above / Disabled People) - FREE      Non-citizens - RM 5.00   Open daily from 8.00 am to 6.00 pm,Hill Dipterocarp Forest,Admission | Children below 6 years old - FREE | Children (below 18 years old) RM 1.00 | Adults (18 years old and above) - RM 2.00 | Senior Citizen (60 years old and above / Disabled People) - FREE | Non-citizens - RM 5.00,Open daily from 8.00 am to 6.00 pm,"Pejabat Hutan Daerah Kuala Kangsar, 33000 Kuala Kangsar, Perak Tel: 05-7761 089 Fax: 05-7766 722","Pejabat Hutan Daerah Kuala Kangsar, 33000 Kuala Kangsar, Perak",05-7761 089,Perak,"River, Bird Watching",https://www.forestry.gov.my/en/perak/taman-eko-rimba-ulu-kenas
17,Jungle Ecological Park,Pulau Tali Kail Forest Eco Park,"WGS 84 : N5.4975° , E101.3459°",5.4975,101.3459,14 km from Pekan Gerik   120 km from Ipoh City via Jalan Grik – Pasir Puteh   Located in Belum Forest Reserve   Hill Dipterocarp Forest   Admission :      Children below 6 years old - FREE      Children (below 18 years old) RM 5.00      Adults (18 years old and above) - RM 20.00      Senior Citizen (60 years old and above / Disabled People) - FREE      Non-citizens - RM 50.00   Open daily from 8.00 am to 6.00 pm,Hill Dipterocarp Forest,Admission | Children below 6 years old - FREE | Children (below 18 years old) RM 5.00 | Adults (18 years old and above) - RM 20.00 | Senior Citizen (60 years old and above / Disabled People) - FREE | Non-citizens - RM 50.00,Open daily from 8.00 am to 6.00 pm,"Pejabat Hutan Daerah Ulu Perak, Jalan Sultan Abdul Aziz, 33300 Gerik, Perak.Tel: 05-7912 384Faks: 05-7913 797","Pejabat Hutan Daerah Ulu Perak, Jalan Sultan Abdul Aziz, 33300 Gerik, Perak.",05-7912 384,Perak,Lake,https://www.forestry.gov.my/en/perak/pulau-tali-kail
18,Jungle Ecological Park,Lata Kinjang Forest Eco Park,"WGS 84 : N4.3003° , E101.2545°",4.3003,101.2545,15 km from Bandar Tapah   45 km from Bandaraya Ipoh   Located in the Bukit Tapah Forest Reserve   Hill Dipterocarp Forest   Admission :    Children below 6 years old - FREE    Children (below 18 years old) RM 1.00    Adults (18 years old and above) - RM 2.00    Senior Citizen (60 years old and above / Disabled People) - FREE    Non-citizens - RM 5.00   Open daily from 6.00 am to 7.00 pm,Hill Dipterocarp Forest,Admission | Children below 6 years old - FREE | Children (below 18 years old) RM 1.00 | Adults (18 years old and above) - RM 2.00 | Senior Citizen (60 years old and above / Disabled People) - FREE | Non-citizens - RM 5.00,Open daily from 6.00 am to 7.00 pm,"Pejabat Hutan Daerah Perak Selatan, 35000 Tapah, Perak Tel: 605-4011 216 Fax: 605-4015 331","Pejabat Hutan Daerah Perak Selatan, 35000 Tapah, Perak",05-4011 216,Perak,"Waterfall, Bird Watching",https://www.forestry.gov.my/en/perak/taman-eko-rimba-lata-kinjang
19,Jungle Ecological Park,Ulu Licin Forest Eco Park,"WGS 84 : N4.5379° , E 100.7783°",4.5379,100.7783,5 km from Pekan Beruas   Located in the Kledang Saiong Forest Reserve   Hill Dipterocarp Forest   FREE admission   Open daily from 8.00 am to 6.00 pm,Hill Dipterocarp Forest,FREE admission,Open daily from 8.00 am to 6.00 pm,"Pejabat Hutan Daerah Kinta/ Manjung, Jalan Bemban, 31000 Batu Gajah, Perak Tel: 05-3661 228 Fax: 05-3651 679","Pejabat Hutan Daerah Kinta/ Manjung, Jalan Bemban, 31000 Batu Gajah, Perak",05-3661 228,Perak,"River, Bird Watching",https://www.forestry.gov.my/en/perak/taman-eko-rimba-ulu-licin
20,Jungle Ecological Park,Bukit Bakar Forest Eco Park,"WGS 84: N5.7182° , E102.2598°",5.7182,102.2598,15 km from Bandar Machang  59 km from Kota Bharu  Located in the Bukit Bakar Forest Reserve  Hill Dipterocarp Forest  FREE Admission,Hill Dipterocarp Forest,FREE Admission,,"Pejabat Hutan Jajahan, Kelantan Timur, 18500 Machang, Kelantan, Tel: 09-9751 042","Pejabat Hutan Jajahan, Kelantan Timur, 18500 Machang, Kelantan",09-9751 042,Kelantan,"River, Waterfall",https://www.forestry.gov.my/en/kelantan/taman-eko-rimba-bukit-bakar
21,Jungle Ecological Park,Jeram Linang Forest Eco Park,"WGS 84 : N5.7431° , E102.3738°",5.7431,102.3738,21 km from Bandar Machang   53 km from Kota Bharu   Located in the Kekal Ulu Sat Forest Reserve   Hill Dipterocarp Forest   FREE admission   Open daily from 7.00 am to 6.00 pm,Hill Dipterocarp Forest,FREE admission,Open daily from 7.00 am to 6.00 pm,"Pejabat Hutan Jajahan, Kelantan Timur, 18500 Machang, Kelantan, Tel: 09-9751 042","Pejabat Hutan Jajahan, Kelantan Timur, 18500 Machang, Kelantan",09-9751 042,Kelantan,"River, Waterfall",https://www.forestry.gov.my/en/kelantan/taman-eko-rimba-jeram-linang
22,Jungle Ecological Park,Air Menderu Forest Eco park,"WGS 84 : N4.4831° , E 103.3871°",4.4831,103.3871,10 km from Pekan Kerteh   Located in the Rasau Kerteh Forest Reserve   Hill Dipterocarp Forest   FREE Admission   Open daily from 8.00 am to 5.00 pm,Hill Dipterocarp Forest,FREE Admission,Open daily from 8.00 am to 5.00 pm,"Pejabat Hutan Daerah Terengganu Selatan, 23000 Dungun, Terengganu. Tel: 09-8441 404 Fax: 09-8483 199","Pejabat Hutan Daerah Terengganu Selatan, 23000 Dungun, Terengganu.",09-8441 404,Terengganu,"River, Waterfall",https://www.forestry.gov.my/en/terengganu/taman-eko-rimba-air-menderu
23,Jungle Ecological Park,Chemerong Forest Eco Park,"WGS 84 : N4.4914° , E 103.006°",4.4914,103.006,30 km from Bandar Al-Muktafibillah Shah   Located in the Pasir Raja Forest Reserve   Hill Dipterocarp Forest   Admission Fee :           Adults : RM 2.00           Children : RM 1.00           Senior Citizens/Disabled Persons (OKU) : FREE           Non-Citizen : RM 10.00   Open daily from 8.00 am to 5.00 pm,Hill Dipterocarp Forest,Admission Fee | Adults : RM 2.00 | Children : RM 1.00 | Senior Citizens/Disabled Persons (OKU) : FREE | Non-Citizen : RM 10.00,Open daily from 8.00 am to 5.00 pm,"Pejabat Hutan Daerah Terengganu Selatan, 23000 Dungun, Terengganu. Tel: 09-8441 404 Fax: 09-8483 199","Pejabat Hutan Daerah Terengganu Selatan, 23000 Dungun, Terengganu.",09-8441 404,Terengganu,"River, Waterfall",https://www.forestry.gov.my/en/terengganu/taman-eko-rimba-chemerong
24,Jungle Ecological Park,Lata Belatan Forest Eco Park,"WGS 84 : N5.6399° , E 102.5568°",5.6399,102.5568,15 km from Bandar Jerteh   Located in the Gunung Tebu Forest Reserve   Is a Hill Dipterocarp Forest and Conifer   Admission Fee :           Adults : RM 2.00           Children : RM 1.00           Senior Citizens/Disabled Persons (OKU) : FREE           Non-Citizen : RM 10.00   Open daily from 8.00 am to 5.00 pm,Hill Dipterocarp Forest,Admission Fee | Adults : RM 2.00 | Children : RM 1.00 | Senior Citizens/Disabled Persons (OKU) : FREE | Non-Citizen : RM 10.00,Open daily from 8.00 am to 5.00 pm,"Pejabat Hutan Daerah Terengganu Utara, Batu 6, Jalan Kuala Terengganu, 21200 Kuala Terengganu, Terengganu Tel: 09-6667 473 Fax: 09-6667 061","Pejabat Hutan Daerah Terengganu Utara, Batu 6, Jalan Kuala Terengganu, 21200 Kuala Terengganu, Terengganu",09-6667 473,Terengganu,"River, Waterfall",https://www.forestry.gov.my/en/terengganu/taman-eko-rimba-lata-belatan
25,Jungle Ecological Park,Lata Tembakah Forest Eco Park,"WGS 84 : N5.5899° , E 102.4457°",5.5899,102.4457,24 km from Bandar Jerteh   Located in the Pelagat Forest Reserve   Is a Hill Dipterocarp Forest   Admission Fee :           Adults : RM 2.00           Children : RM 1.00           Senior Citizens/Disabled Persons (OKU) : FREE           Non-Citizen : RM 10.00   Open daily from 8.00 am to 5.00 pm,Hill Dipterocarp Forest,Admission Fee | Adults : RM 2.00 | Children : RM 1.00 | Senior Citizens/Disabled Persons (OKU) : FREE | Non-Citizen : RM 10.00,Open daily from 8.00 am to 5.00 pm,"Pejabat Hutan Daerah Terengganu Utara, Batu 6, Jalan Kuala Terengganu,21200 Kuala Terengganu, TerengganuTel: 09-6667 473Fax: 09-6667 061","Pejabat Hutan Daerah Terengganu Utara, Batu 6, Jalan Kuala Terengganu,21200 Kuala Terengganu, Terengganu",09-6667 473,Terengganu,"River, Waterfall",https://www.forestry.gov.my/en/terengganu/taman-eko-rimba-lata-tembakah
26,Jungle Ecological Park,Bukit Bauk Forest Eco park,"WGS 84 : N4.6936° , E 103.4113°",4.6936,103.4113,"10 km from Bandar Dungun  Located in the Bukit Bauk Forest Reserve  Is a Hill Dipterocarp Forest, Dipterocarp Forest Low Peat Swamp Forest  FREE admission",Hill Dipterocarp Forest / Dipterocarp Forest / Low Peat Swamp Forest,FREE admission,,"Pejabat Hutan Daerah Terengganu Selatan, 23000 Dungun, Terengganu. Tel: 09-8441 404 Fax: 09-8483 199","Pejabat Hutan Daerah Terengganu Selatan, 23000 Dungun, Terengganu.",09-8441 404,Terengganu,River,https://www.forestry.gov.my/en/terengganu/taman-eko-rimba-bandar-bukit-bauk
27,Jungle Ecological Park,Sekayu Forest Eco park,"WGS 84 : N4.9636° , E 102.9567°",4.9636,102.9567,20 km from Bandar Kuala Berang   Located in the Hulu Terengganu Forest Reserve   Is a Lowland Dipterocarp Forest   Admission Fee :           Adults : RM 2.00           Children : RM 1.00           Senior Citizens/Disabled Persons (OKU) : FREE           Non-Citizen : RM 10.00   Open daily from 8.00 am to 5.00 pm,Lowland Dipterocarp Forest,Admission Fee | Adults : RM 2.00 | Children : RM 1.00 | Senior Citizens/Disabled Persons (OKU) : FREE | Non-Citizen : RM 10.00,Open daily from 8.00 am to 5.00 pm,"Pejabat Hutan Daerah Terengganu Barat, 21700 Kuala Berang, Terengganu. Tel: 09-6811 259 Fax: 09-6812 767","Pejabat Hutan Daerah Terengganu Barat, 21700 Kuala Berang, Terengganu.",09-6811 259,Terengganu,"River, Waterfall",https://www.forestry.gov.my/en/terengganu/taman-eko-rimba-sekayu
28,Jungle Ecological Park,Sungai Chongkak Forest Eco Park,"WGS 84 : N3.2161° , E 101.8795°",3.2161,101.8795,21 km from Bandar Cheras   Located in Hulu Langat Reserved Forest   Is a Lowland Dipterocarp Forest   Admission Fee :       Monday - Friday : Citizens - RM2.00 / Non-Citizens - RM8.00      Saturday - Sunday & Public Holidays : Citizens - RM3.00 / Non-Citizens - RM8.00   Open daily from 8.00 am to 6.00 pm,Lowland Dipterocarp Forest,Admission Fee | Monday - Friday : Citizens - RM 2.00 / Non-Citizens - RM 8.00 | Saturday - Sunday Public Holidays : Citizens - RM 3.00 / Non-Citizens - RM 8.00,Open daily from 8.00 am to 6.00 pm,"Tourism Selangor, Tingkat 5, Bangunan Darul Ehsan, Jalan Indah, Seksyen 14, Shah Alam, 40000 Selangor, Malaysia. Tel: 03-5513 2000 / 6268 Faks: 03-6091 7533","Tourism Selangor, Tingkat 5, Bangunan Darul Ehsan, Jalan Indah, Seksyen 14, Shah Alam, 40000 Selangor, Malaysia.",03-5513 2000,Selangor,"River, Bird Watching",https://www.forestry.gov.my/en/selangor/taman-eko-rimba-sungai-chongkak
29,Jungle Ecological Park,Sungai Tua Forest Eco Park,"WGS 84 : N3.3122° , E 101.6982°",3.3122,101.6982,10 km from Bandar Baru Selayang   Located in the Hulu Gombak Forest   Is a Dipterocarp Hill Forest   Admission Fee :       Adult : RM 2.00      Children (12 years old and below) : RM 1.00   Open daily from 8.00 am to 5.00 pm,Dipterocarp Hill Forest,Admission Fee | Adult : RM 2.00 | Children (12 years old and below) : RM 1.00,Open daily from 8.00 am to 5.00 pm,"Pejabat Hutan Daerah Hulu Selangor, Jalan RP4/1, Kompleks Kerajaan , Rawang Perdana, 48000 Rawang, Selangor. Tel: 03 - 6091 6131 Fax: 03 - 6091 7533","Pejabat Hutan Daerah Hulu Selangor, Jalan RP4/1, Kompleks Kerajaan , Rawang Perdana, 48000 Rawang, Selangor.",03-6091 6131,Selangor,River,https://www.forestry.gov.my/en/selangor/taman-eko-rimba-sungai-tua
30,Jungle Ecological Park,Gunung Nuang Forest Eco Park,"WGS 84 : N3.2176° , E 101.8900°",3.2176,101.89,17 km from Bandar Cheras   Located in the Hulu Langat Reserved Forest   Is a Dipterocarp Hill Forest   Admission fee :      Adults: RM 2.00      Children (12 years and below): RM 1.00   Open daily from 8.00 am to 5.00 pm,Dipterocarp Hill Forest,Admission fee | Adults: RM 2.00 | Children (12 years and below): RM 1.00,Open daily from 8.00 am to 5.00 pm,"Pejabat Hutan Daerah Selangor Tengah, VG-03, You Vista, Jalan You Vista, 43200 Cheras, Selangor. Tel: 03-9081 6054 Faks: 03-9081 5764","Pejabat Hutan Daerah Selangor Tengah, VG-03, You Vista, Jalan You Vista, 43200 Cheras, Selangor.",03-9081 6054,Selangor,River,https://www.forestry.gov.my/en/selangor/taman-eko-rimba-gunung-nuang
31,Jungle Ecological Park,Sungai Sendat Forest Eco Park,"WGS 84 : N3.4028° , E 101.6847°",3.4028,101.6847,30 km from Bandar Rawang  Located in Batang Kali Reserved Forest  Is a Dipterocarp Hill Forest  Admission fee :     Adults: RM 2.00     Children (12 years and below): RM 1.00  Open daily from 8.00 am to 5.00 pm,Dipterocarp Hill Forest,Admission fee | Adults: RM 2.00 | Children (12 years and below): RM 1.00,Open daily from 8.00 am to 5.00 pm,"Pejabat Hutan Daerah Hulu Selangor, Jalan RP4/1, Kompleks Kerajaan , Rawang Perdana, 48000 Rawang, Selangor. Tel: 03 - 6091 6131 Fax: 03 - 6091 7533","Pejabat Hutan Daerah Hulu Selangor, Jalan RP4/1, Kompleks Kerajaan , Rawang Perdana, 48000 Rawang, Selangor.",03-6091 6131,Selangor,Waterfall,https://www.forestry.gov.my/en/selangor/taman-eko-rimba-sungai-sendat
32,Jungle Ecological Park,Ampang Forest Eco Park,"WGS 84 : N3.1564° , E 101.7984°",3.1564,101.7984,2 km from Bandar Ampang   Located in the Ampang Reserved Forest   Is a Lowland Dipterocarp Forest   Admission fee :      Adults: RM 2.00      Children (12 years and below): RM 1.00   Open daily from 8.00 am to 5.00 pm,Lowland Dipterocarp Forest,Admission fee | Adults: RM 2.00 | Children (12 years and below): RM 1.00,Open daily from 8.00 am to 5.00 pm,"Pejabat Hutan Daerah Selangor Tengah, VG-03, You Vista, Jalan You Vista, 43200 Cheras, Selangor. Tel: 03-9081 6054 Faks: 03-9081 5764","Pejabat Hutan Daerah Selangor Tengah, VG-03, You Vista, Jalan You Vista, 43200 Cheras, Selangor.",03-9081 6054,Selangor,"River, Bird Watching",https://www.forestry.gov.my/en/selangor/taman-eko-rimba-ampang
33,Jungle Ecological Park,Kanching Forest Eco Park,"WGS 84 : N3.31489° , E 101.6203°",3.31489,101.6203,13 km from Bandar Rawang   Located in the Kaching Reserved Forest and Lagong Reserved Forest   Is a Dipterocarp Hill Forest   Admission Fee :       Monday - Friday : Citizens - RM2.00 / Non-Citizens - RM8.00      Saturday - Sunday & Public Holidays : Citizens - RM3.00 / Non-Citizens - RM8.00   Open daily from 8.00 am to 6.00 pm,Dipterocarp Hill Forest,Admission Fee | Monday - Friday : Citizens - RM 2.00 / Non-Citizens - RM 8.00 | Saturday - Sunday Public Holidays : Citizens - RM 3.00 / Non-Citizens - RM 8.00,Open daily from 8.00 am to 6.00 pm,"Tourism Selangor, Tingkat 5, Bangunan Darul Ehsan, Jalan Indah, Seksyen 14, Shah Alam, 40000 Selangor, Malaysia. Tel: 03-5513 2000 / 6268 Faks: 03-6091 7533","Tourism Selangor, Tingkat 5, Bangunan Darul Ehsan, Jalan Indah, Seksyen 14, Shah Alam, 40000 Selangor, Malaysia.",03-5513 2000,Selangor,"River, Waterfall",https://www.forestry.gov.my/en/selangor/taman-eko-rimba-kanching
34,Jungle Ecological Park,Sungai Tekala Forest Eco Park,"WGS 84 : N3.0715° , E 101.8763°",3.0715,101.8763,13 km from Bandar Semenyih   Located in Sungai Lalang Reserved Forest   Is a Lowland Dipterocarp Forest   Admission Fee :       Adult : RM 2.00      Children (12 years old and below) : RM 1.00   Open daily from 8.00 am to 6.00 pm,Lowland Dipterocarp Forest,Admission Fee | Adult : RM 2.00 | Children (12 years old and below) : RM 1.00,Open daily from 8.00 am to 6.00 pm,"Pejabat Hutan Daerah Selangor Tengah, VG-03, You Vista, Jalan You Vista, 43200 Cheras, Selangor. Tel: 03-9081 6054 Fax: 03-9081 5764","Pejabat Hutan Daerah Selangor Tengah, VG-03, You Vista, Jalan You Vista, 43200 Cheras, Selangor.",03-9081 6054,Selangor,River,https://www.forestry.gov.my/en/selangor/taman-eko-rimba-sungai-tekala
35,Jungle Ecological Park,Komenwel Forest Eco Park,"WGS 84 : N3.2962° , E 101.6117°",3.2962,101.6117,6 km from Bandar Rawang   Located in the Lagong Reserved Forest   Is a Lowland Dipterocarp Forest   Admission fee :      Adults: RM 2.00      Children (12 years and below): RM 1.00   Open daily from 8.00 am to 5.00 pm,Lowland Dipterocarp Forest,Admission fee | Adults: RM 2.00 | Children (12 years and below): RM 1.00,Open daily from 8.00 am to 5.00 pm,"Pejabat Hutan Daerah Hulu Selangor, Jalan RP4/1, Kompleks Kerajaan , Rawang Perdana, 48000 Rawang, Selangor. Tel: 03 - 6091 6131 Fax: 03 - 6091 7533","Pejabat Hutan Daerah Hulu Selangor, Jalan RP4/1, Kompleks Kerajaan , Rawang Perdana, 48000 Rawang, Selangor.",03-6091 6131,Selangor,"River, Waterfall",https://www.forestry.gov.my/en/selangor/taman-eko-rimba-komenwel
36,Jungle Ecological Park,Berkelah Forest Eco Park,"WGS 84 : N3.7331° , E102.9650°",3.7331,102.965,45 km from Bandar Kuantan   4.8 km from Kuantan-Maran main road   Located in the Berkelah Forest Reserve   Hill Dipterocarp Forest   FREE admission   Open daily from 8.00 am to 5.00 pm,Hill Dipterocarp Forest,FREE admission,Open daily from 8.00 am to 5.00 pm,"Pegawai Hutan Daerah Kuantan / Pekan / Maran Bukit Sekilau, 25200 Kuantan, Pahang Tel: 09 – 5133 236","Pegawai Hutan Daerah Kuantan / Pekan / Maran Bukit Sekilau, 25200 Kuantan, Pahang",09-5133 236,Pahang,"River, Wildlife, Bird Watching",https://www.forestry.gov.my/en/pahang/taman-eko-rimba-berkelah
37,Jungle Ecological Park,Jeriau Forest Eco Park,"WGS 84 : N3.3415° , E101.8228°",3.3415,101.8228,260 km from Bandar Kuantan   36 km from Bandar Raub   Located in the Batu Talam Forest Reserve   Lowland Dipterocarp Forest   Free Admission   Open daily from 8.00 am to 5.00 pm,Lowland Dipterocarp Forest,Free Admission,Open daily from 8.00 am to 5.00 pm,"Pegawai Hutan Daerah Raub, Rotan Tunggal, 27600 Raub Tel: 09-3551 060","Pegawai Hutan Daerah Raub, Rotan Tunggal, 27600 Raub",09-3551 060,Pahang,"River, Waterfall, Wildlife, Bird Watching",https://www.forestry.gov.my/en/pahang/taman-eko-rimba-jeriau
38,Jungle Ecological Park,Lata Meraung Forest Eco Park,"WGS 84 : N3.8498° , E102.2818°",3.8498,102.2818,16 km from Bandar Jerantut   196 km from Bandar Kuantan   Located in the Jerantut Forest Reserve   Lowland Dipterocarp Forest   FREE admission   Open daily from 8.00 am to 5.00 pm,Lowland Dipterocarp Forest,FREE admission,Open daily from 8.00 am to 5.00 pm,"Pegawai Hutan Daerah Jerantut, Tingkat 1, Kompleks Pejabat Kerajaan, 27000 Jerantut, Pahang Tel: 09 – 2601 031","Pegawai Hutan Daerah Jerantut, Tingkat 1, Kompleks Pejabat Kerajaan, 27000 Jerantut, Pahang",09-2601 031,Pahang,"River, Waterfall",https://www.forestry.gov.my/en/pahang/taman-eko-rimba-lata-meraung
39,Jungle Ecological Park,Sungai Pandan Forest Eco Park,"WGS 84 : N3.7998° , E103.1484°",3.7998,103.1484,25 km from Bandar Kuantan- Gambang or road Kuantan- Sungai Lembing   Located in the Berkelah Forest Reserve   Hill Dipterocarp Forest   FREE admission   Open daily from 8.00 am to 5.00 pm,Hill Dipterocarp Forest,FREE admission,Open daily from 8.00 am to 5.00 pm,"Pegawai Hutan Daerah Kuantan / Pekan / Maran Bukit Sekilau, 25200 Kuantan, PahangTel: 09 – 5133 236 Sri Panching Timur Sdn. Bhd.No. Tel: 016-9224777Emel: faiisaljohan@gmail.com","Pegawai Hutan Daerah Kuantan / Pekan / Maran Bukit Sekilau, 25200 Kuantan, Pahang",09-5133 236,Pahang,"River, Waterfall, Wildlife, Bird Watching",https://www.forestry.gov.my/en/pahang/taman-eko-rimba-sungai-pandan
40,Jungle Ecological Park,Beserah Forest Eco Park,"WGS 84 : N3.8498° , E103.3483°",3.8498,103.3483,16 km from Bandar Kuantan  Located in the Beserah Forest Reserve  Lowland Dipterocarp Forest  FREE admission  Open daily from 8.00 am to 5.00 pm,Lowland Dipterocarp Forest,FREE admission,Open daily from 8.00 am to 5.00 pm,"Pegawai Hutan Daerah Kuantan / Pekan / Maran Bukit Sekilau, 25200 Kuantan, PahangTel: 09 – 5133 236 JKKK Kampung Darat BeserahNo. Tel: 016-9530141","Pegawai Hutan Daerah Kuantan / Pekan / Maran Bukit Sekilau, 25200 Kuantan, Pahang",09-5133 236,Pahang,"River, Waterfall",https://www.forestry.gov.my/en/pahang/taman-eko-rimba-beserah
41,Jungle Ecological Park,Kemasul Forest Eco Park,"WGS 84 : N3.4998° , E102.2818°",3.4998,102.2818,9 km from Bandar Mentakab   140 km from Bandar Kuantan   Located in the Kemasul Forest Reserve   Lowland Dipterocarp Forest   Admission :    Citizen :     Children (below 12 years old) RM 1.50     Adults - RM 3.00     Senior Citizen (60 years old and above) - RM 1.50     Disabled People - FREE    Non-citizen :     Children (below 12 years old) RM 5.00     Adults - RM 10.00     Senior Citizen (60 years old and above) - RM 10.00     Disabled People - FREE,Lowland Dipterocarp Forest,Admission | Citizen | Children (below 12 years old) RM 1.50 | Adults - RM 3.00 | Senior Citizen (60 years old and above) - RM 1.50 | Disabled People - FREE | Non-citizen | Children (below 12 years old) RM 5.00 | Adults - RM 10.00 | Senior Citizen (60 years old and above) - RM 10.00 | Disabled People - FREE,,"Pejabat Ladang Hutan Kemasul, Batu 5, Jalan Karak 28400 Mentakab, Pahang Tel: 609-2771 447","Pejabat Ladang Hutan Kemasul, Batu 5, Jalan Karak 28400 Mentakab, Pahang",09-2771 447,Pahang,Lake,https://www.forestry.gov.my/en/pahang/taman-eko-rimba-kemasul
42,Jungle Ecological Park,Sungai Pauh Forest Eco Park,"WGS 84 : N4.4830˚ , E101.3819˚",4.483,101.3819,1 km from Pekan Tanah Rata   459 km from Bandar Kuantan   Located in the Hulu Bertam Forest Reserve   Hill Dipterocarp Forest   Admission :    Citizen :       Adults (13-59 years old ) - RM 3.00       Childrens (under 12 years old) - RM 1.50       Senior Citizen (60 years old and above) - RM 1.50       Disabled People - FREE    Non-citizen :       Adults (13-59 years old ) - RM 10.00       Childrens (under 12 years old) - RM 5.00       Senior Citizen (60 years old and above) - RM 10.00       Disabled People - FREE   Open daily from 8.00 am to 5.00 pm,Hill Dipterocarp Forest,Admission | Citizen | Adults (13-59 years old ) - RM 3.00 | Childrens (under 12 years old) - RM 1.50 | Senior Citizen (60 years old and above) - RM 1.50 | Disabled People - FREE | Non-citizen | Adults (13-59 years old ) - RM 10.00 | Childrens (under 12 years old) - RM 5.00 | Senior Citizen (60 years old and above) - RM 10.00 | Disabled People - FREE,Open daily from 8.00 am to 5.00 pm,"Pegawai Hutan Daerah Cameron Highlands, Tanah Rata, 39000 Cameron Highlands Tel: 05-491 1384","Pegawai Hutan Daerah Cameron Highlands, Tanah Rata, 39000 Cameron Highlands",05-4911 384,Pahang,River,https://www.forestry.gov.my/en/pahang/taman-eko-rimba-sungai-pauh
43,Jungle Ecological Park,Bukit Bertangga Forest Eco Park,"WGS 84 : N3.2998° , E102.6651°",3.2998,102.6651,20 km from Pekan Bera   165 km from Bandar Kuantan   Located in the Chini Forest Reserve   Lowland Hill Dipterocarp Forest   FREE admission   Open daily from 8.00 am to 5.00 pm,Lowland Hill Dipterocarp Forest,FREE admission,Open daily from 8.00 am to 5.00 pm,"Pegawai Hutan Daerah Temerloh / Bera 28000 Termeloh, Pahang Tel: 09 – 2962 755","Pegawai Hutan Daerah Temerloh / Bera 28000 Termeloh, Pahang",09-2962 755,Pahang,"River, Waterfall, Bird Watching",https://www.forestry.gov.my/en/pahang/taman-eko-rimba-bukit-bertangga
44,Jungle Ecological Park,Kem Nusa Forest Eco Park,"WGS 84 : N4.4432° , E102.3716°",4.4432,102.3716,95 km from Bandar Jerantut   275 km from Bandar Kuantan   Located in the Tekai / Tembeling Forest Reserve   Lowland Dipterocarp Forest   The fee charged is subject to the private manager/operator   Open daily from 8.00 am to 5.00 pm,Lowland Dipterocarp Forest,The fee charged is subject to the private manager/operator,Open daily from 8.00 am to 5.00 pm,"Pegawai Hutan Daerah Jerantut, Tingkat 1, Kompleks Pejabat Kerajaan, 27000 Jerantut, PahangTel: 09 – 2601 031 SPKG Tours Sdn. Bhd.No. Tel: 09-2662369Emel: nusa@tamannegara-nusaholiday.com.my","Pegawai Hutan Daerah Jerantut, Tingkat 1, Kompleks Pejabat Kerajaan, 27000 Jerantut, Pahang",09-2601 031,Pahang,"River, Waterfall, Wildlife, Bird Watching",https://www.forestry.gov.my/en/pahang/taman-eko-rimba-kem-nusa
45,Jungle Ecological Park,Lubuk Yu Forest Eco Park,"WGS 84 : N3.7531° , E102.6525°",3.7531,102.6525,30 km from Bandar Maran   100 km from Bandar Kuantan   Located in the Berkelah Forest Reserve   Lowland Dipterocarp Forest   The fee charged is subject to the private manager/operator   Open daily from 8.00 am to 5.00 pm,Lowland Dipterocarp Forest,The fee charged is subject to the private manager/operator,Open daily from 8.00 am to 5.00 pm,"Pejabat Hutan Daerah Temerloh/Bera, 28000 Temerloh, Pahang Tel: 09-2962 755","Pejabat Hutan Daerah Temerloh/Bera, 28000 Temerloh, Pahang",09-2962 755,Pahang,"River, Waterfall, Bird Watching",https://www.forestry.gov.my/en/pahang/taman-eko-rimba-lubuk-yu
46,Jungle Ecological Park,Teladas Forest Eco Park,"WGS 84 : N3.7673° , E102.7673°",3.7673,102.7673,2 km from Pekan Maran via jalan Berkat   85 km from Bandar Kuantan   Located in the Berkelah Forest Reserve   Hill Dipterocarp Forest   FREE admission   Open daily from 8.00 am to 5.00 pm,Hill Dipterocarp Forest,FREE admission,Open daily from 8.00 am to 5.00 pm,"Pegawai Hutan Daerah Kuantan / Pekan / Maran Bukit Sekilau, 25200 Kuantan, Pahang Tel: 09 – 5133 236","Pegawai Hutan Daerah Kuantan / Pekan / Maran Bukit Sekilau, 25200 Kuantan, Pahang",09-5133 236,Pahang,"River, Waterfall, Bird Watching",https://www.forestry.gov.my/en/pahang/taman-eko-rimba-teladas
47,Jungle Ecological Park,Konifer Forest Eco Park,"WGS 84 : N3.3415° , E101.8228°",3.3415,101.8228,"5 km from Hentian Genting through Kuala Lumpur Bentong highway to Kg Janda Baik  Located at kompartmen 22, 31 & 33 Bukit Tinggi Forest Reserve  Free admission",,Free admission,,"Pegawai Hutan Daerah Bentong, JKR 241, Jalan Bukit, 28700 Bentong, Pahang Tel: 09 – 2221 039","Pegawai Hutan Daerah Bentong, JKR 241, Jalan Bukit, 28700 Bentong, Pahang",09-2221 039,Pahang,"Wildlife, Bird Watching",https://www.forestry.gov.my/en/pahang/taman-eko-rimba-konifer
48,Jungle Ecological Park,Menchali Forest Eco Park,"WGS 84 : N2.8998° , E103.4150°",2.8998,103.415,16 km from Bandar Rompin   160 km from Bandar Kuantan   Located in the Menchali Forest Reserve   Beach and Hill Dipterocarp Forest and Peat Swamp Forest Beach   Free Admission   Open daily from 8.00 am to 5.00 pm,Hill Dipterocarp Forest and Peat Swamp Forest,Free Admission,Open daily from 8.00 am to 5.00 pm,"Pejabat Hutan Daerah Rompin, 26800 Kuala Rompin, Pahang Tel: 09 – 4145 204","Pejabat Hutan Daerah Rompin, 26800 Kuala Rompin, Pahang",09-4145 204,Pahang,,https://www.forestry.gov.my/en/pahang/taman-eko-rimba-menchali
49,Jungle Ecological Park,Terenggun Forest Eco Park,"WGS 84 : N4.1664° , E101.9818°",4.1664,101.9818,"9 km from Bandar Kuala Lipis   256 km from Bandar Kuantan   Km 9, Kuala Lipis - Gua Musang road   Located in the Terenggun Forest Reserve   Hill Dipterocarp Forest   FREE admissin   Open daily from 8.00 am to 5.00 pm",Hill Dipterocarp Forest,FREE admissin,Open daily from 8.00 am to 5.00 pm,"Pegawai Hutan Daerah Lipis 27200 Kuala Lipis, Pahang Tel: 09 – 3101 550","Pegawai Hutan Daerah Lipis 27200 Kuala Lipis, Pahang",09-3101 550,Pahang,"River, Wildlife, Lake, Bird Watching",https://www.forestry.gov.my/en/pahang/taman-eko-rimba-terenggun
50,Jungle Ecological Park,Chamang Forest Eco Park,"WGS 84 : N03.3831° , E101.8818°",3.3831,101.8818,9 km from Bentong Town which is on the main road from Bentong to Raub towards Kampung Perling   Located in the Bukit Tinggi Forest Reserve   Hill Dipterocarp Forest   Admission :    Citizen :       Adults (13-59 years old ) - RM 3.00       Childrens (under 12 years old) - RM 1.50       Senior Citizen (60 years old and above) - RM 1.50       Disabled People - FREE    Non-citizen :       Adults (13-59 years old ) - RM 10.00       Childrens (under 12 years old) - RM 5.00       Senior Citizen (60 years old and above) - RM 10.00       Disabled People - FREE   Open daily from 8.00 am to 5.00 pm,Hill Dipterocarp Forest,Admission | Citizen | Adults (13-59 years old ) - RM 3.00 | Childrens (under 12 years old) - RM 1.50 | Senior Citizen (60 years old and above) - RM 1.50 | Disabled People - FREE | Non-citizen | Adults (13-59 years old ) - RM 10.00 | Childrens (under 12 years old) - RM 5.00 | Senior Citizen (60 years old and above) - RM 10.00 | Disabled People - FREE,Open daily from 8.00 am to 5.00 pm,"Pegawai Hutan Daerah Bentong, JKR 241, Jalan Bukit, 28700 Bentong, Pahang Tel: 09 – 2221 039","Pegawai Hutan Daerah Bentong, JKR 241, Jalan Bukit, 28700 Bentong, Pahang",09-2221 039,Pahang,"River, Waterfall, Wildlife, Bird Watching",https://www.forestry.gov.my/en/pahang/taman-eko-rimba-chamang
51,Jungle Ecological Park,Lata Berembun Forest Eco Park,"WGS 84 : N3.7757° , E102.0560°",3.7757,102.056,30 km from Pekan Raub   150 km from Maran   210 km from Bandar Kuantan   Located in the Gunung Benom Forest Reserve   Hill Dipterocarp Forest   FREE admission   Open daily from 8.00 am to 5.00 pm,Hill Dipterocarp Forest,FREE admission,Open daily from 8.00 am to 5.00 pm,"Pegawai Hutan Daerah Raub,  Rotan Tunggal, 27600 Raub Tel: 09-3551 060","Pegawai Hutan Daerah Raub,  Rotan Tunggal, 27600 Raub",09-3551 060,Pahang,"River, Waterfall, Wildlife, Bird Watching",https://www.forestry.gov.my/en/pahang/taman-eko-rimba-lata-berembun
52,Jungle Ecological Park,Ulu Jerangsang Forest Eco Park,"WGS 84 : N3.9831° , E102.0652°",3.9831,102.0652,37 km from Bandar Kuala Lipis  220 km from Bandar Kuantan  Located in the Bukit Taching Forest Reserve  Hill Dipterocarp Forest  FREE admission  Open daily from 8.00 am to 5.00 pm,Hill Dipterocarp Forest,FREE admission,Open daily from 8.00 am to 5.00 pm,"Pegawai Hutan Daerah Lipis 27200 Kuala Lipis, Pahang Tel: 09 – 3101 550","Pegawai Hutan Daerah Lipis 27200 Kuala Lipis, Pahang",09-3101 550,Pahang,"River, Waterfall, Wildlife, Bird Watching",https://www.forestry.gov.my/en/pahang/taman-eko-rimba-ulu-jerangsang
53,Jungle Ecological Park,Gunung Senyum Forest Eco Park,"WGS 84 : N3.6998° , E102.1485°",3.6998,102.1485,39 km from Bandar Temerloh   149 km from Bandar Kuantan   Located in the Jengka Forest Reserve   Lowland Forest (limestone)   Admission :    Citizen :       Adults (13-59 years old) - RM 3.00       Children (below 12 years old) - RM 1.50       Senior Citizen (60 years old and above) - RM 1.50       Disabled People - FREE    Non-citizen :       Adults (13-59 years old) - RM 10.00       Children (below 12 years old) - RM 5.00       Senior Citizen (60 years old and above) - RM 10.00       Disabled People - FREE   Open daily from 8.00 am to 5.00 pm,Lowland Forest,Admission | Citizen | Adults (13-59 years old) - RM 3.00 | Children (below 12 years old) - RM 1.50 | Senior Citizen (60 years old and above) - RM 1.50 | Disabled People - FREE | Non-citizen | Adults (13-59 years old) - RM 10.00 | Children (below 12 years old) - RM 5.00 | Senior Citizen (60 years old and above) - RM 10.00 | Disabled People - FREE,Open daily from 8.00 am to 5.00 pm,"Pegawai Hutan Daerah Temerloh / Bera 28000 Temerloh, Pahang Tel: 09 – 2962 755","Pegawai Hutan Daerah Temerloh / Bera 28000 Temerloh, Pahang",09-2962 755,Pahang,"Cave, Wildlife, Lake, Bird Watching",https://www.forestry.gov.my/en/pahang/taman-eko-rimba-gunung-senyum
54,Jungle Ecological Park,Lata Jarum Forest Eco Park,"WGS 84 : N04.0399° , E101.9084°",4.0399,101.9084,35 km from Bandar Raub   180 km from Bandar Kuantan   Located in the Dong Forest Reserve   Lowland Dipterocarp Forest   FREE admission  Open daily from 8.00 am to 5.00 pm,Lowland Dipterocarp Forest,FREE admission Open daily from 8.00 am to 5.00 pm,Open daily from 8.00 am to 5.00 pm,"Pegawai Hutan Daerah, Pejabat Hutan Daerah Raub, Rotan Tunggal 27600 RaubTel: 09-3551 060 JKKK Kg. PeruasNo. Tel: 019-9638092","Pegawai Hutan Daerah, Pejabat Hutan Daerah Raub, Rotan Tunggal 27600 Raub",09-3551 060,Pahang,"River, Waterfall, Wildlife, Bird Watching",https://www.forestry.gov.my/en/pahang/taman-eko-rimba-lata-jarum
55,Jungle Ecological Park,Ulu Tembeling Forest Eco Park,"WGS 84 : N4.4497° , E102.4984°",4.4497,102.4984,110 km from Bandar Jerantut   290 km from Bandar Kuantan   Located in the Tekai Forest Reserve   Hill Dipterocarp Forest   FREE admission   Open daily from 8.00 am to 5.00 pm,Hill Dipterocarp Forest,FREE admission,Open daily from 8.00 am to 5.00 pm,"Pegawai Hutan Daerah Jerantut Tingkat 1, Kompleks Pejabat Kerajaan 27000 Jerantut, PahangTel: 09 – 2601 031 Jeram Rimba EnterpriseTel: 017-8118341","Pegawai Hutan Daerah Jerantut Tingkat 1, Kompleks Pejabat Kerajaan 27000 Jerantut, Pahang",09-2601 031,Pahang,"River, Wildlife, Bird Watching",https://www.forestry.gov.my/en/pahang/taman-eko-rimba-ulu-tembeling
56,Jungle Ecological Park,Jerangkang Forest Eco Park,"WGS 84 : N3.7701° , E102 .9372°",3.7701,102.0,51.5 km Jalan Kuantan / Maran and approximately 10 km from the Paya Rambutan intersection   Located in the Berkelah Forest Reserve   Hill Dipterocarp Forest   FREE admission   Open daily from 8.00 am to 5.00 pm,Hill Dipterocarp Forest,FREE admission,Open daily from 8.00 am to 5.00 pm,"Pegawai Hutan Daerah Kuantan / Pekan / Maran Bukit Sekilau, 25200 Kuantan, Pahang Tel: 09 – 5133 236","Pegawai Hutan Daerah Kuantan / Pekan / Maran Bukit Sekilau, 25200 Kuantan, Pahang",09-5133 236,Pahang,"River, Waterfall, Wildlife, Bird Watching",https://www.forestry.gov.my/en/pahang/taman-eko-rimba-jerangkang
57,Jungle Ecological Park,Lata Lembik Forest Eco Park,"WGS 84 : N03.9817° , E101.6504°",3.9817,101.6504,60 km from Bandar Raub   180 km from Bandar Kuantan   Located in Batu Talam Forest Reserve   FREE admission   Open daily from 8.00 am to 5.00 pm,,FREE admission,Open daily from 8.00 am to 5.00 pm,"Pegawai Hutan Raub, Rotan Tunggal, 27600 RaubTel: 09-3551 060","Pegawai Hutan Raub, Rotan Tunggal, 27600 Raub",09-3551 060,Pahang,"River, Waterfall, Wildlife, Bird Watching",https://www.forestry.gov.my/en/pahang/taman-eko-rimba-lata-lembik
58,Jungle Ecological Park,Som Forest Eco Park,"WGS 84 : N3.7664° , E102.9317°",3.7664,102.9317,16 km from Bandar Jerantut   196 km from Bandar Kuantan   Located in the Som Forest Reserve   Lowland Dipterocarp Forest   FREE admission,Lowland Dipterocarp Forest,FREE admission,,"Pegawai Hutan Daerah Jerantut, Tingkat 1, Kompleks Pejabat Kerajaan, 27000 Temerloh, Pahang Tel: 09 – 2601 031","Pegawai Hutan Daerah Jerantut, Tingkat 1, Kompleks Pejabat Kerajaan, 27000 Temerloh, Pahang",09-2601 031,Pahang,Bird Watching,https://www.forestry.gov.my/en/pahang/taman-eko-rimba-som
59,Jungle Ecological Park,Kenong Forest Eco Park,"WGS 84 : N4.2164° , E102.1818°",4.2164,102.1818,9 km from Bandar Kuala Lipis   256 km from Bandar Kuantan   Located in the Yong Forest Reserve and Terenggun Forest reserve   Lowland Dipterocarp Forest   The fee charged is subject to the private manager/operator,Lowland Dipterocarp Forest,The fee charged is subject to the private manager/operator,,"Pegawai Hutan Daerah Lipis 27200 Kuala Lipis, PahangTel: 09 – 3101 550 Chengal Travel & Tours Sdn. Bhd.No. Tel: 012-9277433/019-9865170Emel: chengaltraveltours@gmail.com","Pegawai Hutan Daerah Lipis 27200 Kuala Lipis, Pahang",09-3101 550,Pahang,"River, Waterfall, Cave, Wildlife, Lake",https://www.forestry.gov.my/en/pahang/taman-eko-rimba-kenong
60,Jungle Ecological Park,Lentang Forest Eco Park,"WGS 84 : N5.4463° , E100.2179°",5.4463,100.2179,"Km 52, Lebuhraya Kuala lumpur - Karak   20 km from Bandar Bentong   Located in the Lentang Forest Reserve   Hill Dipterocarp Forest   Fees admission :    Citizen :       Adults (13-59 years old ) - RM 3.00       Childrens (under 12 years old) - RM 1.50       Senior Citizen (60 years old and above) - RM 1.50       Disabled People - FREE    Non-citizen :       Adults (13-59 years old ) - RM 10.00       Childrens (under 12 years old) - RM 5.00       Senior Citizen (60 years old and above) - RM 10.00       Disabled People - FREE   Open daily from 8.00 am to 5.00 pm",Hill Dipterocarp Forest,Fees admission | Citizen | Adults (13-59 years old ) - RM 3.00 | Childrens (under 12 years old) - RM 1.50 | Senior Citizen (60 years old and above) - RM 1.50 | Disabled People - FREE | Non-citizen | Adults (13-59 years old ) - RM 10.00 | Childrens (under 12 years old) - RM 5.00 | Senior Citizen (60 years old and above) - RM 10.00 | Disabled People - FREE,Open daily from 8.00 am to 5.00 pm,"Pegawai Hutan Daerah Bentong, JKR 241, Jalan Bukit, 28700 Bentong, Pahang Tel: 09 – 2221 039","Pegawai Hutan Daerah Bentong, JKR 241, Jalan Bukit, 28700 Bentong, Pahang",09-2221 039,Pahang,"River, Wildlife, Bird Watching",https://www.forestry.gov.my/en/pahang/taman-eko-rimba-lentang
61,Jungle Ecological Park,Batu Maloi Forest Eco Park,"WGS 84 : N2.5375° , E102.2231°",2.5375,102.2231,16.2 km from Pekan Tampin   Located in Gunung Tampin Reserved Forest   Open Forest   FREE Admission   Monday to Sunday : 8.00 am - 5.00 pm,Open Forest,FREE Admission,Monday to Sunday : 8.00 am - 5.00 pm,"Pejabat Hutan Daerah Negeri Sembilan Barat, Tingkat 2, Kompleks Persiaran Daerah Seremban, Persiaran 2, 70990 Seremban. Tel : 06-601 4000","Pejabat Hutan Daerah Negeri Sembilan Barat, Tingkat 2, Kompleks Persiaran Daerah Seremban, Persiaran 2, 70990 Seremban.",06-6014 000,Negeri Sembilan,"Cave, Wildlife",https://www.forestry.gov.my/en/negeri-sembilan/taman-eko-rimba-batu-maloi
62,Jungle Ecological Park,Gunung Tampin Forest Eco Park,"WGS 84 : N2.3022° , E102.1298°",2.3022,102.1298,4.7 km from Pekan Tampin  Located in Tampin Reserved Forest  Open Forest  FREE Admission  Monday to Sunday : 8.00 am - 5.00 pm,Open Forest,FREE Admission,Monday to Sunday : 8.00 am - 5.00 pm,"Pejabat Hutan Daerah, Negeri Sembilan Barat, Tingkat 2, Kompleks Pentadbiran Daerah Seremban, Persiaran S2 A2, 70300 Seremban Tel: 06 - 601 4000","Pejabat Hutan Daerah, Negeri Sembilan Barat, Tingkat 2, Kompleks Pentadbiran Daerah Seremban, Persiaran S2 A2, 70300 Seremban",06-6014 000,Negeri Sembilan,Wildlife,https://www.forestry.gov.my/en/negeri-sembilan/taman-eko-rimba-gunung-tampin
63,Jungle Ecological Park,Lata Kijang Forest Eco Park,"WGS 84 : N2.9721° , E102.3673°",2.9721,102.3673,63 km from Pekan Jelebu   Located in Kenoboi Reserved Forest   Hill Dipterocarp Forest   FREE Admission   Open from 7.00 am to 6.00 pm,Hill Dipterocarp Forest,FREE Admission,Open from 7.00 am to 6.00 pm,"Pejabat Hutan Daerah, Negeri Sembilan Barat, Tingkat 2, Kompleks Pentadbiran Daerah Seremban, Persiaran S2 A2, 70300 Seremban Tel: 606 - 6014 000","Pejabat Hutan Daerah, Negeri Sembilan Barat, Tingkat 2, Kompleks Pentadbiran Daerah Seremban, Persiaran S2 A2, 70300 Seremban",06-6014 000,Negeri Sembilan,"River, Waterfall, Wildlife, Bird Watching",https://www.forestry.gov.my/en/negeri-sembilan/taman-eko-rimba-lata-kijang
64,Jungle Ecological Park,Serting Ulu Forest Eco Park,"WGS 84 : N2.8596° , E102.0131°",2.8596,102.0131,5.5 km from Pekan Simpang Pertang   Located in Serting Reserved Forest   Open Forest   FREE Admission   Monday to Sunday : 8.00 am - 5.00 pm,Open Forest,FREE Admission,Monday to Sunday : 8.00 am - 5.00 pm,"Pejabat Hutan Daerah, Negeri Sembilan Timur, 72000 Kuala Pilah, Negeri Sembilan. Tel : 06-765 9849 Fax : 06-762 3711","Pejabat Hutan Daerah, Negeri Sembilan Timur, 72000 Kuala Pilah, Negeri Sembilan.",06-7659 849,Negeri Sembilan,"River, Wildlife",https://www.forestry.gov.my/en/negeri-sembilan/taman-eko-rimba-serting-ulu
65,Jungle Ecological Park,De Bana Forest Eco Park,"WGS 84 : N2.9721° , E102.3673°",2.9721,102.3673,10 km from Pekan Serting   Located in Pasoh Reserved Forest   Open Forest   FREE Admission   Monday to Sunday : 8.00 am - 5.00 pm,Open Forest,FREE Admission,Monday to Sunday : 8.00 am - 5.00 pm,"Pejabat Hutan Daerah, Negeri Sembilan Timur, 72000 Kuala Pilah, Negeri Sembilan. Tel: 06-481 1036","Pejabat Hutan Daerah, Negeri Sembilan Timur, 72000 Kuala Pilah, Negeri Sembilan.",06-4811 036,Negeri Sembilan,"River, Waterfall, Wildlife",https://www.forestry.gov.my/en/negeri-sembilan/taman-eko-rimba-de-bana
66,Jungle Ecological Park,Jeram Tengkek Forest Eco Park,"WGS 84 : N2.8687° , E102.1842°",2.8687,102.1842,19.6 km from Pekan Batu Kikir   Located in Serting Ulu Reserved Forest   Open Forest   FREE Admission   Monday to SUnday : 8.00 am - 5.00 pm,Open Forest,FREE Admission,Monday to Sunday : 8.00 am - 5.00 pm,"Pejabat Hutan Daerah, Negeri Sembilan Timur, 72000 Kuala Pilah, Negeri Sembilan. Tel: 06-481 1036","Pejabat Hutan Daerah, Negeri Sembilan Timur, 72000 Kuala Pilah, Negeri Sembilan.",06-4811 036,Negeri Sembilan,"River, Waterfall, Wildlife",https://www.forestry.gov.my/en/negeri-sembilan/taman-eko-rimba-jeram-tengkek
67,Jungle Ecological Park,Lenggeng Forest Eco Park,"WGS 84 : N2.5438° , E 102.1710°",2.5438,102.171,8.7 km from Pekan Lenggeng   Located in Setul Reserved Forest   Open Forest   FREE Admission   Monday to Sunday : 8.00 am - 5.00 pm,Open Forest,FREE Admission,Monday to Sunday : 8.00 am - 5.00 pm,"Pejabat Hutan Daerah, Negeri Sembilan Barat, Tingkat 2, Kompleks Pentadbiran Daerah Seremban, Persiaran S2 A2, 70300 Seremban Tel: 06-601 4000","Pejabat Hutan Daerah, Negeri Sembilan Barat, Tingkat 2, Kompleks Pentadbiran Daerah Seremban, Persiaran S2 A2, 70300 Seremban",06-6014 000,Negeri Sembilan,"River, Wildlife",https://www.forestry.gov.my/en/negeri-sembilan/taman-eko-rimba-lenggeng
68,Jungle Ecological Park,Ulu Bendul Forest Eco Park,"WGS 84 : N2.7304° , E102.0806°",2.7304,102.0806,15.5 km from Senawang   Located in Angsi Reserved Forest   Open Forest   FREE Admission   Monday to Sunday : 8.00 am - 5.00 pm,Open Forest,FREE Admission,Monday to Sunday : 8.00 am - 5.00 pm,"Pejabat Hutan Daerah, Negeri Sembilan Timur, 72000 Kuala Pilah, Negeri Sembilan. Tel: 06-481 1036","Pejabat Hutan Daerah, Negeri Sembilan Timur, 72000 Kuala Pilah, Negeri Sembilan.",06-4811 036,Negeri Sembilan,"River, Wildlife",https://www.forestry.gov.my/en/negeri-sembilan/taman-eko-rimba-ulu-bendul
69,Jungle Ecological Park,Gunung Datuk Forest Eco Park,"WGS 84 : N2.5438° , E102.1710°",2.5438,102.171,12.7 km from Rembau  Located in Gunung Datuk Reserved Forest  Open Forest  FREE Admission  Monday to Sunday : 8.00 am to 5.00 pm,Open Forest,FREE Admission,Monday to Sunday : 8.00 am - 5.00 pm,"Pejabat Hutan Daerah, Negeri Sembilan Barat, Tingkat 2, Kompleks Pentadbiran Daerah Seremban, Persiaran S2 A2, 70300 Seremban Tel: 06 - 601 4000","Pejabat Hutan Daerah, Negeri Sembilan Barat, Tingkat 2, Kompleks Pentadbiran Daerah Seremban, Persiaran S2 A2, 70300 Seremban",06-6014 000,Negeri Sembilan,"River, Wildlife",https://www.forestry.gov.my/en/negeri-sembilan/taman-eko-rimba-gunung-datuk
70,Jungle Ecological Park,Bukit Batu Lebah Forest Eco Park,"WGS 84: N2. 3987° , E102.4286°",,,16 km from Pekan Jasin   Located in the Bukit Senggeh Forest Reserve   Lowland Dipterocarp Forest   FREE admission   Open daily from 7.00 am to 6.00 pm,Lowland Dipterocarp Forest,FREE admission,Open daily from 7.00 am to 6.00 pm,"Pejabat Hutan Daerah Melaka, 75459 Air Keroh, Melaka.Tel : 06-231 6095Faks : 06 - 2322 867 Pejabat Hutan Daerah Jasin, 77000 Jasin, MelakaTel/Faks : 06 - 5304225","Pejabat Hutan Daerah Melaka, 75459 Air Keroh, Melaka.",06-2316 095,Melaka,Cave,https://www.forestry.gov.my/en/melaka/taman-eko-rimba-bukit-batu-lebah
71,Jungle Ecological Park,Sungai Udang Forest Eco Park,"WGS 84 : N2.3022° , E102.1298°",2.3022,102.1298,28 km from Bandaraya Melaka   Located in the Sungai Udang Forest Reserve   Lowland Dipterocarp Forest   FREE admission   Open daily from 7.00 am to 7.00 pm,Lowland Dipterocarp Forest,FREE admission,Open daily from 7.00 am to 7.00 pm,"Jabatan Perhutanan Negeri Melaka, 75450 Ayer Keroh, Melaka.Tel : 06-231 6095Faks : 06 - 2322 867 Pejabat Hutan Daerah Alor Gajah, Hutan Rekreasi Sungai Udang, 76300 Masjid Tanah, Alor Gajah, MelakaTel/Faks : 06 - 3519153","Jabatan Perhutanan Negeri Melaka, 75450 Ayer Keroh, Melaka.",06-2316 095,Melaka,"Lake, Bird Watching",https://www.forestry.gov.my/en/melaka/taman-eko-rimba-sungai-udang
72,Jungle Ecological Park,Gunung Arong Forest Eco Park,"WGS 84 : N2.5529° , E103.7549°",2.5529,103.7549,"22 km from Mersing Town, 150 km from Johor Bahru   Located in Gunung Arong Reserved Forest   Lowland Dipterocarp Forest   FREE Admission   Tuesday to Sunday : 8.00 am - 5.00 pm",Lowland Dipterocarp Forest,FREE Admission,Tuesday to Sunday : 8.00 am - 5.00 pm,"Pejabat Hutan Daerah Johor Timur, Pejabat Am, Aras 3, Kompleks Pejabat-Pejabat Kerajaan, Jalan Ibrahim, 86800 Mersing, Johor Tel: 07-798 1030 Fax: 07-799 5352","Pejabat Hutan Daerah Johor Timur, Pejabat Am, Aras 3, Kompleks Pejabat-Pejabat Kerajaan, Jalan Ibrahim, 86800 Mersing, Johor",07-7981 030,Johor,River,https://www.forestry.gov.my/en/johor/taman-eko-rimba-gunung-arong
73,Jungle Ecological Park,Gunung Belumut Forest Eco Park,"WGS 84 : N2.0666° , E103.5255°",2.0666,103.5255,"32 km from Bandar Kluang, 125 km from Johor Bahru   Located in Kluang Reserved Forest   Hill Dipterocarp Forest   FREE Admission   Tuesday - Sunday : 8.00 am to 4.30 pm",Hill Dipterocarp Forest,FREE Admission,Tuesday - Sunday : 8.00 am to 4.30 pm,"Pejabat Hutan Daerah Johor Tengah, Pejabat Am, Bangunan Kerajaan, 86000 Kluang, Johor Tel : 07-772 5944 Fax : 07-772 0844","Pejabat Hutan Daerah Johor Tengah, Pejabat Am, Bangunan Kerajaan, 86000 Kluang, Johor",07-7725 944,Johor,"River, Waterfall",https://www.forestry.gov.my/en/johor/taman-eko-rimba-gunung-belumut
74,Jungle Ecological Park,Gunung Pulai II Forest Eco Park,"WGS 84 : N1.590507° , E103.518500°",1.590507,103.5185,"10 km from Pekan Nenas, 40 km from Johor Bahru   Located in Gunung Pulai Reserved Forest   Hill Dipterocarp Forest   FREE Admission   Tuesday to Friday : 8.00 am - 5.00 pm   Saturday and Sunday : 7.00 am - 5.00 pm",Hill Dipterocarp Forest,FREE Admission,Tuesday to Friday : 8.00 am - 5.00 pm,"Pejabat Hutan Daerah Johor Selatan, JKR 35, Jalan Bukit Timbalan, 80000 Johor Bahru, Johor.Tel : 07-224 2211Fax : 07-223 2112Email : hutanjohor_selatan@johor.gov.my Pejabat Hutan Renj Kulai, 81020 Bukit Batu, Kulai JohorTel : 07-651 1032","Pejabat Hutan Daerah Johor Selatan, JKR 35, Jalan Bukit Timbalan, 80000 Johor Bahru, Johor.",07-2242 211,Johor,"River, Waterfall",https://www.forestry.gov.my/en/johor/taman-eko-rimba-gunung-pulai
75,Jungle Ecological Park,Gunung Pulai II Forest Eco Park,"WGS 84 : N1.5722° , E103.5130°",1.5722,103.513,"10 km from Pekan Nenas, 40 km from Johor Bahru   Located in Gunung Pulai Reserved Forest   Hill Dipterocarp Forest   FREE Admission   Tuesday to Friday : 8.00 am - 5.00 pm   Saturday and Sunday : 7.00 am - 5.00 pm",Hill Dipterocarp Forest,FREE Admission,Tuesday to Friday : 8.00 am - 5.00 pm,"Pejabat Hutan Daerah Johor Selatan, JKR 35, Jalan Bukit Timbalan, 80000 Johor Bahru, Johor.Tel : 07-224 2211Fax : 07-223 2112Email : hutanjohor_selatan@johor.gov.my Pejabat Hutan Renj Kulai, 81020 Bukit Batu, Kulai JohorTel : 07-651 1032","Pejabat Hutan Daerah Johor Selatan, JKR 35, Jalan Bukit Timbalan, 80000 Johor Bahru, Johor.",07-2242 211,Johor,River,https://www.forestry.gov.my/en/johor/taman-eko-rimba-gunung-pulai-2
76,Jungle Ecological Park,Panti Forest Eco Park,"WGS 84 : N1.7882° , E103.9424°",1.7882,103.9424,"8.8 km from Bandar Kota Tinggi, 48 km from Johor Bahru   Located in Gunung Panti Reserved Forest   Lowland Dipterocarp Forest   FREE Admisssion   Tuesday to Sunday : 8.00 am to 4.30 pm",Lowland Dipterocarp Forest,FREE Admisssion,Tuesday to Sunday : 8.00 am to 4.30 pm,"Pejabat Hutan Daerah Johor Selatan, JKR 35, Jalan Bukit Timbalan, 80000 Johor Bahru, Johor.Tel : 07-224 2211Fax : 07-223 2112Email : hutanjohor_selatan@johor.gov.my Pejabat Hutan Renj Kota Tinggi, Batu 6, Jalan Tun Sri Lanang, 81900 Bukit Batu, Kota Tinggi, JohorTel : 07-883 1331","Pejabat Hutan Daerah Johor Selatan, JKR 35, Jalan Bukit Timbalan, 80000 Johor Bahru, Johor.",07-2242 211,Johor,"River, Bird Watching",https://www.forestry.gov.my/en/johor/taman-eko-rimba-panti
77,Jungle Ecological Park,Sungai Bantang Forest Eco Park,"WGS 84 : N2.3463° , E103.1572°",2.3463,103.1572,"8 km from Pekan Bekok, 164 km from Johor Bahru   Located in Labis Reserved Forest   Lowland Dipterocarp Forest   FREE Admission   Tuesday to Sunday : 8.00 am - 5.00 pm",Lowland Dipterocarp Forest,FREE Admission,Tuesday to Sunday : 8.00 am - 5.00 pm,"Pejabat Hutan Daerah Johor Utara, Pejabat Am, Jalan Awang, 85000 Segamat, Johor.Tel : 07-931 2141Fax : 07-931 7518 Pejabat Renj Hutan Labis, Jalan Yong Peng, 85300 Labis, JohorTel : 06-932 2142","Pejabat Hutan Daerah Johor Utara, Pejabat Am, Jalan Awang, 85000 Segamat, Johor.",07-9312 141,Johor,"River, Waterfall",https://www.forestry.gov.my/en/johor/taman-eko-rimba-sungai-bantang
78,National Forest Park,Bukit Panchor State Park,"WGS 84 : N5.1602° , E 100.5480°",5.1602,100.548,10 km from Nibong Tebal Town   Located in Panchor Hill Reserved Forest   Lowland Dipterocarp Forest   FREE Admission   Open daily from 7.00 am to 6.00 pm,Lowland Dipterocarp Forest,FREE Admission,Open daily from 7.00 am to 6.00 pm,"Jabatan Perhutanan Negeri, Pulau Pinang, Tingkat 20, Menara KOMTAR, 10300 Pulau Pinang. Tel : 04-6505 250 Fax : 04-2636 335","Jabatan Perhutanan Negeri, Pulau Pinang, Tingkat 20, Menara KOMTAR, 10300 Pulau Pinang.",04-6505 250,Pulau Pinang,"River, Cave, Wildlife, Bird Watching",https://www.forestry.gov.my/en/semenanjung-malaysia/taman-negeri-bukit-panchor
79,National Forest Park,Gunung Stong State Forest Park,"WGS 84 : N5.3396° , E101.9749°",5.3396,101.9749,84 km from Kuala Krai City   138 km from Kota Bharu   Located in Gunung Stong Tengah Reserved Forest   Hill and mountain dipterocarp forest   There is a waterfall which is the highest in Asia   Admission : RM 5.00 / person / month or part thereof,Hill and mountain dipterocarp forest,Admission : RM 5.00 / person / month or part thereof,,"Pegawai Hutan Jajahan, Kelantan Barat, 17500 Tanah Merah, Kelantan, Tel: 09 - 9556 055","Pegawai Hutan Jajahan, Kelantan Barat, 17500 Tanah Merah, Kelantan",09-9556 055,Kelantan,"River, Waterfall, Wildlife, Bird Watching",https://www.forestry.gov.my/en/semenanjung-malaysia/hutan-taman-negeri-gunung-stong
80,National Forest Park,Perlis State Park,"WGS 84 : N6.6970° , E 100.1901°",6.697,100.1901,"20 km from Padang Besar   35 km from Kangar   Located in Mata Ayer and Wang Mu Reserved Forest   Is a Mid-Autumn Forest / Lowland Dipterocarp Forest / Hill Dipterocarp Forest   Admission :        Perlis National Park Ecotourism Complex, Wang Kelian :        Citizens :             Adults : RM 2.00,             Children (6 - 17 years old) : RM 1.00             Children (under 6 years old) : FREE             People with Disabilities (OKU) : FREE        Non-citizens :             Adults : RM 5.00             Children (6 - 17 years old) : RM 3.00             Children (6 - 17 years old) : FREE             People with Disabilities (OKU) : FREE        Wang Kelian, Perlis Viewpoint :        Citizens :             Adults : RM 2.00,             Children (6 - 17 years old) : RM 1.00             Children (under 6 years old) : FREE             People with Disabilities (OKU) : FREE        Non-citizens :             Adults : RM 5.00             Children (6 - 17 years old) : RM 3.00             Children (6 - 17 years old) : FREE             People with Disabilities (OKU) : FREE        Gua Kelam Ecotourism Complex :        Citizens :             Adults : RM 2.00,             Children (6 - 17 years old) : RM 1.00             Children (under 6 years old) : FREE             People with Disabilities (OKU) : FREE        Non-citizens :             Adults : RM 5.00             Children (6 - 17 years old) : RM 3.00             Children (6 - 17 years old) : FREE             People with Disabilities (OKU) : FREE   Open daily from 9.00 am to 6.00 pm",Mid-Autumn Forest / Lowland Dipterocarp Forest / Hill Dipterocarp Forest,Admission | Perlis National Park Ecotourism Complex Wang Kelian | Citizens | Adults RM 2.00 | Children 6-17 years old RM 1.00 | Children under 6 years old FREE | People with Disabilities OKU FREE | Non-citizens | Adults RM 5.00 | Children 6-17 years old RM 3.00 | Children 6-17 years old FREE | People with Disabilities OKU FREE | Wang Kelian Perlis Viewpoint | Citizens | Adults RM 2.00 | Children 6-17 years old RM 1.00 | Children under 6 years old FREE | People with Disabilities OKU FREE | Non-citizens | Adults RM 5.00 | Children 6-17 years old RM 3.00 | Children 6-17 years old FREE | People with Disabilities OKU FREE | Gua Kelam Ecotourism Complex | Citizens | Adults RM 2.00 | Children 6-17 years old RM 1.00 | Children under 6 years old FREE | People with Disabilities OKU FREE | Non-citizens | Adults RM 5.00 | Children 6-17 years old RM 3.00 | Children 6-17 years old FREE | People with Disabilities OKU FREE,Open daily from 9.00 am to 6.00 pm,"Jabatan Perhutanan Negeri Perlis,Km 2 Jalan Kaki Bukit, 01000 Kangar, Perlis Tel : 604 - 9765 966 Fax : 604 - 9767 901","Jabatan Perhutanan Negeri Perlis,Km 2 Jalan Kaki Bukit, 01000 Kangar, Perlis",04-9765 966,Perlis,"River, Cave, Wildlife, Bird Watching",https://www.forestry.gov.my/en/semenanjung-malaysia/taman-negeri-perlis
81,National Forest Park,Rompin State Park,"WGS 84 : N2.8832° , E102.9984°",2.8832,102.9984,35 km from Rompin City   180 km from Kuantan City   Located in Endau-Rompin Reserved Forest   Lowland Dipterocarp Forest   Admission (subject to private managers/operators):    Citizen :       Adults (13-59 years old ) - RM 30.00       Childrens (3-12 years old) - RM 10.00       Senior Citizen (60 years old and above) - RM 15.00       Disabled People - FREE       Student (groups of more than 30 people) - RM 100.00    Non-citizen :       Adults (13-59 years old ) - RM 50.00       Childrens (3-12 years old) - RM 30.00       Senior Citizen (60 years old and above) - RM 15.00       Disabled People - FREE       Student (groups of more than 30 people) - RM 200.00   Open daily from 8.00 am to 5.00 pm,Lowland Dipterocarp Forest,Admission (subject to private managers/operators) | Citizen | Adults (13-59 years old ) - RM 30.00 | Childrens (3-12 years old) - RM 10.00 | Senior Citizen (60 years old and above) - RM 15.00 | Disabled People - FREE | Student (groups of more than 30 people) - RM 100.00 | Non-citizen | Adults (13-59 years old ) - RM 50.00 | Childrens (3-12 years old) - RM 30.00 | Senior Citizen (60 years old and above) - RM 15.00 | Disabled People - FREE || Student (groups of more than 30 people) - RM 200.00,Open daily from 8.00 am to 5.00 pm,"Pegawai Hutan Daerah Rompin, 26800 Kuala Rompin, PahangTel: 09 – 4145 204 Rompin Park Resort Sdn. Bhd.No. Tel: 07-7991205Emel: info@rompinpark.my","Pegawai Hutan Daerah Rompin, 26800 Kuala Rompin, Pahang",09-4145 204,Pahang,"River, Waterfall",https://www.forestry.gov.my/en/semenanjung-malaysia/taman-negeri-endau-rompin
